timestamp,open,high,low,close,volume
2025-11-01 05:16:00,100.03047170797544,100.08047170797543,99.98047170797544,100.03047170797544,100
2025-11-01 05:17:00,99.9264732973514,99.97647329735139,99.8764732973514,99.9264732973514,101
2025-11-01 05:18:00,100.00151841693204,100.05151841693204,99.95151841693205,100.00151841693204,102
2025-11-01 05:19:00,100.09557488857116,100.14557488857116,100.04557488857117,100.09557488857116,103
2025-11-01 05:20:00,99.90047136970578,99.95047136970578,99.85047136970579,99.90047136970578,104
2025-11-01 05:21:00,99.77025341901954,99.82025341901954,99.72025341901954,99.77025341901954,105
2025-11-01 05:22:00,99.78303745933627,99.83303745933627,99.73303745933627,99.78303745933627,106
2025-11-01 05:23:00,99.75141320010192,99.80141320010192,99.70141320010192,99.75141320010192,107
2025-11-01 05:24:00,99.74973308435149,99.79973308435149,99.6997330843515,99.74973308435149,108
2025-11-01 05:25:00,99.66442869159413,99.71442869159412,99.61442869159413,99.66442869159413,109
2025-11-01 05:26:00,99.75236848908041,99.80236848908041,99.70236848908041,99.75236848908041,100
2025-11-01 05:27:00,99.8301476826233,99.8801476826233,99.78014768262331,99.8301476826233,101
2025-11-01 05:28:00,99.83675075237943,99.88675075237943,99.78675075237943,99.83675075237943,102
2025-11-01 05:29:00,99.94947487307623,99.99947487307622,99.89947487307623,99.94947487307623,103
2025-11-01 05:30:00,99.99622580730144,100.04622580730144,99.94622580730145,99.99622580730144,104
2025-11-01 05:31:00,99.91029656101311,99.96029656101311,99.86029656101312,99.91029656101311,105
2025-11-01 05:32:00,99.94717163942136,99.99717163942135,99.89717163942136,99.94717163942136,106
2025-11-01 05:33:00,99.85128337933847,99.90128337933847,99.80128337933847,99.85128337933847,107
2025-11-01 05:34:00,99.93912840946919,99.98912840946919,99.8891284094692,99.93912840946919,108
2025-11-01 05:35:00,99.93413581837056,99.98413581837056,99.88413581837057,99.93413581837056,109
2025-11-01 05:36:00,99.91564958201604,99.96564958201604,99.86564958201605,99.91564958201604,100
2025-11-01 05:37:00,99.84755662757564,99.89755662757564,99.79755662757564,99.84755662757564,101
2025-11-01 05:38:00,99.96981076144304,100.01981076144304,99.91981076144305,99.96981076144304,102
2025-11-01 05:39:00,99.95435781323617,100.00435781323617,99.90435781323617,99.95435781323617,103
2025-11-01 05:40:00,99.91152503101985,99.96152503101985,99.86152503101985,99.91152503101985,104
2025-11-01 05:41:00,99.87631167597104,99.92631167597104,99.82631167597104,99.87631167597104,105
2025-11-01 05:42:00,99.92954259452637,99.97954259452636,99.87954259452637,99.92954259452637,106
2025-11-01 05:43:00,99.96608700096277,100.01608700096277,99.91608700096278,99.96608700096277,107
2025-11-01 05:44:00,100.00736026212238,100.05736026212237,99.95736026212238,100.00736026212238,108
2025-11-01 05:45:00,100.05044236242317,100.10044236242317,100.00044236242317,100.05044236242317,109
2025-11-01 05:46:00,100.26460712251021,100.31460712251021,100.21460712251022,100.26460712251021,100
2025-11-01 05:47:00,100.22396562087175,100.27396562087175,100.17396562087175,100.22396562087175,101
2025-11-01 05:48:00,100.17274134796459,100.22274134796459,100.12274134796459,100.17274134796459,102
2025-11-01 05:49:00,100.09136407513981,100.1413640751398,100.04136407513981,100.09136407513981,103
2025-11-01 05:50:00,100.15296201739736,100.20296201739735,100.10296201739736,100.15296201739736,104
2025-11-01 05:51:00,100.26585924666945,100.31585924666945,100.21585924666945,100.26585924666945,105
2025-11-01 05:52:00,100.25446450090396,100.30446450090396,100.20446450090397,100.25446450090396,106
2025-11-01 05:53:00,100.1704488532077,100.2204488532077,100.1204488532077,100.1704488532077,107
2025-11-01 05:54:00,100.08800073163859,100.13800073163858,100.03800073163859,100.08800073163859,108
2025-11-01 05:55:00,100.15306001042104,100.20306001042104,100.10306001042105,100.15306001042104,109
2025-11-01 05:56:00,100.22738542754139,100.27738542754139,100.1773854275414,100.22738542754139,100
2025-11-01 05:57:00,100.28170085437192,100.33170085437192,100.23170085437192,100.28170085437192,101
2025-11-01 05:58:00,100.21514988364305,100.26514988364305,100.16514988364305,100.21514988364305,102
2025-11-01 05:59:00,100.23836601594972,100.28836601594972,100.18836601594973,100.23836601594972,103
2025-11-01 06:00:00,100.25003459686378,100.30003459686378,100.20003459686379,100.25003459686378,104
2025-11-01 06:01:00,100.27190345653669,100.32190345653669,100.2219034565367,100.27190345653669,105
2025-11-01 06:02:00,100.35904633433151,100.4090463343315,100.30904633433151,100.35904633433151,106
2025-11-01 06:03:00,100.38140588920898,100.43140588920897,100.33140588920898,100.38140588920898,107
2025-11-01 06:04:00,100.44929724551616,100.49929724551616,100.39929724551617,100.44929724551616,108
2025-11-01 06:05:00,100.45605515246505,100.50605515246505,100.40605515246506,100.45605515246505,109
2025-11-01 06:06:00,100.48496709233406,100.53496709233406,100.43496709233406,100.48496709233406,100
2025-11-01 06:07:00,100.54809591491791,100.5980959149179,100.49809591491791,100.54809591491791,101
2025-11-01 06:08:00,100.40238033293234,100.45238033293234,100.35238033293234,100.40238033293234,102
2025-11-01 06:09:00,100.37041321129661,100.4204132112966,100.32041321129661,100.37041321129661,103
2025-11-01 06:10:00,100.32337594586733,100.37337594586732,100.27337594586733,100.32337594586733,104
2025-11-01 06:11:00,100.259488161043,100.30948816104299,100.209488161043,100.259488161043,105
2025-11-01 06:12:00,100.23197393592034,100.28197393592033,100.18197393592034,100.23197393592034,106
2025-11-01 06:13:00,100.38146806704377,100.43146806704377,100.33146806704377,100.38146806704377,107
2025-11-01 06:14:00,100.29488495547444,100.34488495547444,100.24488495547445,100.29488495547444,108
2025-11-01 06:15:00,100.3917127909336,100.4417127909336,100.3417127909336,100.3917127909336,109
2025-11-01 06:16:00,100.22342581377201,100.27342581377201,100.17342581377201,100.22342581377201,100
2025-11-01 06:17:00,100.18993731077343,100.23993731077343,100.13993731077343,100.18993731077343,101
2025-11-01 06:18:00,100.20621261728394,100.25621261728394,100.15621261728394,100.20621261728394,102
2025-11-01 06:19:00,100.26483485041986,100.31483485041986,100.21483485041986,100.26483485041986,103
2025-11-01 06:20:00,100.33595750839915,100.38595750839914,100.28595750839915,100.33595750839915,104
2025-11-01 06:21:00,100.41529223191914,100.46529223191914,100.36529223191914,100.41529223191914,105
2025-11-01 06:22:00,100.38041972469429,100.43041972469429,100.3304197246943,100.38041972469429,106
2025-11-01 06:23:00,100.33418454542785,100.38418454542784,100.28418454542785,100.33418454542785,107
2025-11-01 06:24:00,100.41998213355356,100.46998213355356,100.36998213355356,100.41998213355356,108
2025-11-01 06:25:00,100.40085170106539,100.45085170106539,100.3508517010654,100.40085170106539,109
2025-11-01 06:26:00,100.2732830687316,100.3232830687316,100.2232830687316,100.2732830687316,100
2025-11-01 06:27:00,100.15995434733125,100.20995434733125,100.10995434733125,100.15995434733125,101
2025-11-01 06:28:00,100.0680091187311,100.1180091187311,100.0180091187311,100.0680091187311,102
2025-11-01 06:29:00,100.11772519313647,100.16772519313646,100.06772519313647,100.11772519313647,103
2025-11-01 06:30:00,100.13196776674353,100.18196776674353,100.08196776674353,100.13196776674353,104
2025-11-01 06:31:00,100.20101630215031,100.2510163021503,100.15101630215031,100.20101630215031,105
2025-11-01 06:32:00,100.15829103751665,100.20829103751664,100.10829103751665,100.15829103751665,106
2025-11-01 06:33:00,100.17414500662431,100.22414500662431,100.12414500662432,100.17414500662431,107
2025-11-01 06:34:00,100.23670404602106,100.28670404602106,100.18670404602106,100.23670404602106,108
2025-11-01 06:35:00,100.20576939204904,100.25576939204903,100.15576939204904,100.20576939204904,109
2025-11-01 06:36:00,100.25144691580478,100.30144691580477,100.20144691580478,100.25144691580478,100
2025-11-01 06:37:00,100.18525432169811,100.23525432169811,100.13525432169811,100.18525432169811,101
2025-11-01 06:38:00,100.1489489370416,100.19894893704159,100.0989489370416,100.1489489370416,102
2025-11-01 06:39:00,100.11077514764176,100.16077514764176,100.06077514764176,100.11077514764176,103
2025-11-01 06:40:00,99.99119118308286,100.04119118308286,99.94119118308286,99.99119118308286,104
2025-11-01 06:41:00,100.03988843116142,100.08988843116141,99.98988843116142,100.03988843116142,105
2025-11-01 06:42:00,99.99294819714115,100.04294819714114,99.94294819714115,99.99294819714115,106
2025-11-01 06:43:00,99.99419760901392,100.04419760901392,99.94419760901393,99.99419760901392,107
2025-11-01 06:44:00,100.0422722749045,100.0922722749045,99.99227227490451,100.0422722749045,108
2025-11-01 06:45:00,100.08692539250751,100.13692539250751,100.03692539250751,100.08692539250751,109
2025-11-01 06:46:00,100.15346390340478,100.20346390340478,100.10346390340479,100.15346390340478,100
2025-11-01 06:47:00,100.14361535495384,100.19361535495383,100.09361535495384,100.14361535495384,101
2025-11-01 06:48:00,100.10128552374943,100.15128552374942,100.05128552374943,100.10128552374943,102
2025-11-01 06:49:00,100.09331370265879,100.14331370265879,100.04331370265879,100.09331370265879,103
2025-11-01 06:50:00,99.92458025926298,99.97458025926298,99.87458025926298,99.92458025926298,104
2025-11-01 06:51:00,99.77986901202067,99.82986901202067,99.72986901202067,99.77986901202067,105
2025-11-01 06:52:00,99.64759905078523,99.69759905078523,99.59759905078523,99.64759905078523,106
2025-11-01 06:53:00,99.54787436802508,99.59787436802507,99.49787436802508,99.54787436802508,107
2025-11-01 06:54:00,99.58785179069743,99.63785179069743,99.53785179069743,99.58785179069743,108
2025-11-01 06:55:00,99.49730388516141,99.54730388516141,99.44730388516142,99.49730388516141,109
2025-11-01 06:56:00,99.45948762975749,99.50948762975749,99.40948762975749,99.45948762975749,100
2025-11-01 06:57:00,99.58941045953608,99.63941045953608,99.53941045953609,99.58941045953608,101
2025-11-01 06:58:00,99.55378406242994,99.60378406242994,99.50378406242994,99.55378406242994,102
2025-11-01 06:59:00,99.62753561927666,99.67753561927665,99.57753561927666,99.62753561927666,103
2025-11-01 07:00:00,99.53417385127567,99.58417385127566,99.48417385127567,99.53417385127567,104
2025-11-01 07:01:00,99.5136300954889,99.5636300954889,99.46363009548891,99.5136300954889,105
2025-11-01 07:02:00,99.41862788999785,99.46862788999785,99.36862788999785,99.41862788999785,106
2025-11-01 07:03:00,99.38472458240778,99.43472458240778,99.33472458240779,99.38472458240778,107
2025-11-01 07:04:00,99.46875539615353,99.51875539615352,99.41875539615353,99.46875539615353,108
2025-11-01 07:05:00,99.2960233538343,99.3460233538343,99.2460233538343,99.2960233538343,109
2025-11-01 07:06:00,99.33946571818888,99.38946571818887,99.28946571818888,99.33946571818888,100
2025-11-01 07:07:00,99.36323927842211,99.41323927842211,99.31323927842212,99.36323927842211,101
2025-11-01 07:08:00,99.30382428285243,99.35382428285243,99.25382428285243,99.30382428285243,102
2025-11-01 07:09:00,99.15921849741359,99.20921849741359,99.1092184974136,99.15921849741359,103
2025-11-01 07:10:00,99.16643144818497,99.21643144818496,99.11643144818497,99.16643144818497,104
2025-11-01 07:11:00,99.11348217727858,99.16348217727858,99.06348217727859,99.11348217727858,105
2025-11-01 07:12:00,99.13674979841406,99.18674979841406,99.08674979841406,99.13674979841406,106
2025-11-01 07:13:00,99.1389350129664,99.1889350129664,99.0889350129664,99.1389350129664,107
2025-11-01 07:14:00,99.2991129020985,99.3491129020985,99.2491129020985,99.2991129020985,108
2025-11-01 07:15:00,99.27517733935119,99.32517733935119,99.22517733935119,99.27517733935119,109
2025-11-01 07:16:00,99.17282759008901,99.22282759008901,99.12282759008902,99.17282759008901,100
2025-11-01 07:17:00,99.19075515358463,99.24075515358463,99.14075515358464,99.19075515358463,101
2025-11-01 07:18:00,99.21275482198182,99.26275482198182,99.16275482198182,99.21275482198182,102
2025-11-01 07:19:00,99.34867357950586,99.39867357950585,99.29867357950586,99.34867357950586,103
2025-11-01 07:20:00,99.43218470409732,99.48218470409732,99.38218470409733,99.43218470409732,104
2025-11-01 07:21:00,99.46787181001227,99.51787181001227,99.41787181001227,99.46787181001227,105
2025-11-01 07:22:00,99.61420209913422,99.66420209913422,99.56420209913422,99.61420209913422,106
2025-11-01 07:23:00,99.49532579370194,99.54532579370193,99.44532579370194,99.49532579370194,107
2025-11-01 07:24:00,99.43135064042697,99.48135064042697,99.38135064042697,99.43135064042697,108
2025-11-01 07:25:00,99.33869304628641,99.3886930462864,99.28869304628641,99.33869304628641,109
2025-11-01 07:26:00,99.29971206597084,99.34971206597083,99.24971206597084,99.29971206597084,100
2025-11-01 07:27:00,99.1620434512152,99.2120434512152,99.1120434512152,99.1620434512152,101
2025-11-01 07:28:00,99.22555854589665,99.27555854589664,99.17555854589665,99.22555854589665,102
2025-11-01 07:29:00,99.20333627618676,99.25333627618676,99.15333627618676,99.20333627618676,103
2025-11-01 07:30:00,99.0562556467365,99.1062556467365,99.0062556467365,99.0562556467365,104
2025-11-01 07:31:00,98.95469773861575,99.00469773861575,98.90469773861575,98.95469773861575,105
2025-11-01 07:32:00,98.98604912336077,99.03604912336077,98.93604912336077,98.98604912336077,106
2025-11-01 07:33:00,99.0698617801502,99.1198617801502,99.01986178015021,99.0698617801502,107
2025-11-01 07:34:00,99.26953486931939,99.31953486931938,99.21953486931939,99.26953486931939,108
2025-11-01 07:35:00,99.56092111592012,99.61092111592012,99.51092111592013,99.56092111592012,109
2025-11-01 07:36:00,99.60236205924771,99.65236205924771,99.55236205924771,99.60236205924771,100
2025-11-01 07:37:00,99.50340824724454,99.55340824724453,99.45340824724454,99.50340824724454,101
2025-11-01 07:38:00,99.2902036191714,99.34020361917139,99.2402036191714,99.2902036191714,102
2025-11-01 07:39:00,99.31697476540579,99.36697476540579,99.26697476540579,99.31697476540579,103
2025-11-01 07:40:00,99.23568065587475,99.28568065587474,99.18568065587475,99.23568065587475,104
2025-11-01 07:41:00,99.19414492985678,99.24414492985677,99.14414492985678,99.19414492985678,105
2025-11-01 07:42:00,99.1329352499508,99.1829352499508,99.08293524995081,99.1329352499508,106
2025-11-01 07:43:00,99.11885616130917,99.16885616130917,99.06885616130917,99.11885616130917,107
2025-11-01 07:44:00,99.22545418438793,99.27545418438793,99.17545418438793,99.22545418438793,108
2025-11-01 07:45:00,99.24115904113246,99.29115904113246,99.19115904113247,99.24115904113246,109
2025-11-01 07:46:00,99.2252955574286,99.27529555742859,99.1752955574286,99.2252955574286,100
2025-11-01 07:47:00,99.12173018214601,99.171730182146,99.07173018214601,99.12173018214601,101
2025-11-01 07:48:00,98.95426188767557,99.00426188767557,98.90426188767557,98.95426188767557,102
2025-11-01 07:49:00,98.90563109676825,98.95563109676824,98.85563109676825,98.90563109676825,103
2025-11-01 07:50:00,98.90025284168641,98.9502528416864,98.85025284168641,98.90025284168641,104
2025-11-01 07:51:00,99.0770458330444,99.12704583304439,99.0270458330444,99.0770458330444,105
2025-11-01 07:52:00,99.09007328519169,99.14007328519169,99.0400732851917,99.09007328519169,106
2025-11-01 07:53:00,99.18834723629399,99.23834723629399,99.138347236294,99.18834723629399,107
2025-11-01 07:54:00,99.13841767644008,99.18841767644008,99.08841767644009,99.13841767644008,108
2025-11-01 07:55:00,99.01992329979838,99.06992329979838,98.96992329979838,99.01992329979838,109
2025-11-01 07:56:00,98.92341162357513,98.97341162357513,98.87341162357514,98.92341162357513,100
2025-11-01 07:57:00,98.85088901712156,98.90088901712156,98.80088901712156,98.85088901712156,101
2025-11-01 07:58:00,99.06373599036507,99.11373599036507,99.01373599036508,99.06373599036507,102
2025-11-01 07:59:00,98.98159732244264,99.03159732244264,98.93159732244264,98.98159732244264,103
2025-11-01 08:00:00,99.06544624281628,99.11544624281628,99.01544624281628,99.06544624281628,104
2025-11-01 08:01:00,98.97515352500757,99.02515352500757,98.92515352500757,98.97515352500757,105
2025-11-01 08:02:00,99.06831082629499,99.11831082629499,99.018310826295,99.06831082629499,106
2025-11-01 08:03:00,99.10680592290558,99.15680592290558,99.05680592290558,99.10680592290558,107
2025-11-01 08:04:00,99.09114213313977,99.14114213313977,99.04114213313977,99.09114213313977,108
2025-11-01 08:05:00,99.08706588052623,99.13706588052622,99.03706588052623,99.08706588052623,109
2025-11-01 08:06:00,99.02158711098329,99.07158711098329,98.9715871109833,99.02158711098329,100
2025-11-01 08:07:00,99.0661943311315,99.1161943311315,99.0161943311315,99.0661943311315,101
2025-11-01 08:08:00,99.02069598309743,99.07069598309742,98.97069598309743,99.02069598309743,102
2025-11-01 08:09:00,98.8981354067207,98.9481354067207,98.8481354067207,98.8981354067207,103
2025-11-01 08:10:00,98.77034164928874,98.82034164928874,98.72034164928874,98.77034164928874,104
2025-11-01 08:11:00,98.78760044106095,98.83760044106094,98.73760044106095,98.78760044106095,105
2025-11-01 08:12:00,98.94550956670199,98.99550956670198,98.89550956670199,98.94550956670199,106
2025-11-01 08:13:00,98.96150872805933,99.01150872805933,98.91150872805933,98.96150872805933,107
2025-11-01 08:14:00,98.94964489544834,98.99964489544834,98.89964489544835,98.94964489544834,108
2025-11-01 08:15:00,98.9782275094086,99.0282275094086,98.9282275094086,98.9782275094086,109
2025-11-01 08:16:00,99.10882768357928,99.15882768357928,99.05882768357928,99.10882768357928,100
2025-11-01 08:17:00,99.13076593371567,99.18076593371566,99.08076593371567,99.13076593371567,101
2025-11-01 08:18:00,99.0896732106323,99.1396732106323,99.0396732106323,99.0896732106323,102
2025-11-01 08:19:00,99.20030208163828,99.25030208163828,99.15030208163829,99.20030208163828,103
2025-11-01 08:20:00,99.24317772548444,99.29317772548444,99.19317772548445,99.24317772548444,104
2025-11-01 08:21:00,99.39675332468404,99.44675332468404,99.34675332468404,99.39675332468404,105
2025-11-01 08:22:00,99.41507676840624,99.46507676840623,99.36507676840624,99.41507676840624,106
2025-11-01 08:23:00,99.29262986523419,99.34262986523419,99.24262986523419,99.29262986523419,107
2025-11-01 08:24:00,99.15581394530962,99.20581394530961,99.10581394530962,99.15581394530962,108
2025-11-01 08:25:00,99.32090673853274,99.37090673853274,99.27090673853274,99.32090673853274,109
2025-11-01 08:26:00,99.49327331061107,99.54327331061107,99.44327331061108,99.49327331061107,100
2025-11-01 08:27:00,99.47532138928281,99.52532138928281,99.42532138928281,99.47532138928281,101
2025-11-01 08:28:00,99.43700265716922,99.48700265716921,99.38700265716922,99.43700265716922,102
2025-11-01 08:29:00,99.58314708639344,99.63314708639344,99.53314708639344,99.58314708639344,103
2025-11-01 08:30:00,99.47244251818908,99.52244251818908,99.42244251818909,99.47244251818908,104
2025-11-01 08:31:00,99.3829698162935,99.4329698162935,99.3329698162935,99.3829698162935,105
2025-11-01 08:32:00,99.4473024957624,99.4973024957624,99.3973024957624,99.4473024957624,106
2025-11-01 08:33:00,99.40784198347644,99.45784198347644,99.35784198347645,99.40784198347644,107
2025-11-01 08:34:00,99.40732979680445,99.45732979680444,99.35732979680445,99.40732979680445,108
2025-11-01 08:35:00,99.39098550695199,99.44098550695199,99.340985506952,99.39098550695199,109
2025-11-01 08:36:00,99.42474296183188,99.47474296183188,99.37474296183188,99.42474296183188,100
2025-11-01 08:37:00,99.56549114796326,99.61549114796325,99.51549114796326,99.56549114796326,101
2025-11-01 08:38:00,99.57454963865342,99.62454963865342,99.52454963865343,99.57454963865342,102
2025-11-01 08:39:00,99.63894351798112,99.68894351798112,99.58894351798112,99.63894351798112,103
2025-11-01 08:40:00,99.43392630787801,99.48392630787801,99.38392630787801,99.43392630787801,104
2025-11-01 08:41:00,99.429054467685,99.479054467685,99.37905446768501,99.429054467685,105
2025-11-01 08:42:00,99.3447314406557,99.3947314406557,99.29473144065571,99.3447314406557,106
2025-11-01 08:43:00,99.22285013461335,99.27285013461335,99.17285013461336,99.22285013461335,107
2025-11-01 08:44:00,99.13503489792048,99.18503489792047,99.08503489792048,99.13503489792048,108
2025-11-01 08:45:00,99.10162255385039,99.15162255385039,99.0516225538504,99.10162255385039,109
2025-11-01 08:46:00,99.193212808086,99.243212808086,99.143212808086,99.193212808086,100
2025-11-01 08:47:00,99.06057353631203,99.11057353631203,99.01057353631204,99.06057353631203,101
2025-11-01 08:48:00,99.06363668557148,99.11363668557148,99.01363668557148,99.06363668557148,102
2025-11-01 08:49:00,99.01521974223812,99.06521974223811,98.96521974223812,99.01521974223812,103
2025-11-01 08:50:00,98.98245243280192,99.03245243280192,98.93245243280192,98.98245243280192,104
2025-11-01 08:51:00,99.0827282153324,99.13272821533239,99.0327282153324,99.0827282153324,105
2025-11-01 08:52:00,99.13653975903279,99.18653975903278,99.08653975903279,99.13653975903279,106
2025-11-01 08:53:00,99.27027956977706,99.32027956977706,99.22027956977706,99.27027956977706,107
2025-11-01 08:54:00,99.25482900185206,99.30482900185206,99.20482900185206,99.25482900185206,108
2025-11-01 08:55:00,99.18523474068499,99.23523474068499,99.135234740685,99.18523474068499,109
2025-11-01 08:56:00,99.16284885899694,99.21284885899694,99.11284885899694,99.16284885899694,100
2025-11-01 08:57:00,99.18709853812406,99.23709853812406,99.13709853812406,99.18709853812406,101
2025-11-01 08:58:00,99.20475587396943,99.25475587396943,99.15475587396944,99.20475587396943,102
2025-11-01 08:59:00,99.0963170667461,99.1463170667461,99.0463170667461,99.0963170667461,103
2025-11-01 09:00:00,99.10536604490889,99.15536604490889,99.0553660449089,99.10536604490889,104
2025-11-01 09:01:00,99.12818887792278,99.17818887792278,99.07818887792278,99.12818887792278,105
2025-11-01 09:02:00,99.37993628167617,99.42993628167616,99.32993628167617,99.37993628167617,106
2025-11-01 09:03:00,99.56762074280434,99.61762074280433,99.51762074280434,99.56762074280434,107
2025-11-01 09:04:00,99.48229640774845,99.53229640774845,99.43229640774845,99.48229640774845,108
2025-11-01 09:05:00,99.45355807159353,99.50355807159353,99.40355807159354,99.45355807159353,109
2025-11-01 09:06:00,99.30721387140984,99.35721387140984,99.25721387140985,99.30721387140984,100
2025-11-01 09:07:00,99.24814317001349,99.29814317001349,99.1981431700135,99.24814317001349,101
2025-11-01 09:08:00,99.27970367037253,99.32970367037252,99.22970367037253,99.27970367037253,102
2025-11-01 09:09:00,99.40028903246134,99.45028903246134,99.35028903246135,99.40028903246134,103
2025-11-01 09:10:00,99.32738064868698,99.37738064868698,99.27738064868699,99.32738064868698,104
2025-11-01 09:11:00,99.2619660046802,99.3119660046802,99.2119660046802,99.2619660046802,105
2025-11-01 09:12:00,99.04723710170634,99.09723710170634,98.99723710170635,99.04723710170634,106
2025-11-01 09:13:00,99.03097050965185,99.08097050965185,98.98097050965185,99.03097050965185,107
2025-11-01 09:14:00,98.9247290684659,98.97472906846589,98.8747290684659,98.9247290684659,108
2025-11-01 09:15:00,98.87178512572929,98.92178512572929,98.82178512572929,98.87178512572929,109
2025-11-01 09:16:00,98.78409904791253,98.83409904791253,98.73409904791254,98.78409904791253,100
2025-11-01 09:17:00,98.77467279248727,98.82467279248726,98.72467279248727,98.77467279248727,101
2025-11-01 09:18:00,98.5988999533516,98.6488999533516,98.54889995335161,98.5988999533516,102
2025-11-01 09:19:00,98.45219542881252,98.50219542881251,98.40219542881252,98.45219542881252,103
2025-11-01 09:20:00,98.66512014001535,98.71512014001534,98.61512014001535,98.66512014001535,104
2025-11-01 09:21:00,98.53637788188794,98.58637788188794,98.48637788188795,98.53637788188794,105
2025-11-01 09:22:00,98.42669932404247,98.47669932404247,98.37669932404248,98.42669932404247,106
2025-11-01 09:23:00,98.6103906768746,98.6603906768746,98.5603906768746,98.6103906768746,107
2025-11-01 09:24:00,98.90089739379864,98.95089739379864,98.85089739379865,98.90089739379864,108
2025-11-01 09:25:00,98.78374073091611,98.8337407309161,98.73374073091611,98.78374073091611,109
2025-11-01 09:26:00,98.7469158352373,98.7969158352373,98.6969158352373,98.7469158352373,100
2025-11-01 09:27:00,98.78107139033136,98.83107139033136,98.73107139033137,98.78107139033136,101
2025-11-01 09:28:00,98.95394115477191,99.00394115477191,98.90394115477191,98.95394115477191,102
2025-11-01 09:29:00,98.85525544692909,98.90525544692909,98.8052554469291,98.85525544692909,103
2025-11-01 09:30:00,98.83072766233488,98.88072766233488,98.78072766233488,98.83072766233488,104
2025-11-01 09:31:00,98.90846141994106,98.95846141994106,98.85846141994107,98.90846141994106,105
2025-11-01 09:32:00,98.95193802738773,99.00193802738772,98.90193802738773,98.95193802738773,106
2025-11-01 09:33:00,98.91432242026471,98.96432242026471,98.86432242026471,98.91432242026471,107
2025-11-01 09:34:00,98.9009401238131,98.9509401238131,98.8509401238131,98.9009401238131,108
2025-11-01 09:35:00,98.7634505429761,98.8134505429761,98.7134505429761,98.7634505429761,109
2025-11-01 09:36:00,98.73963316857864,98.78963316857863,98.68963316857864,98.73963316857864,100
2025-11-01 09:37:00,98.71299441957774,98.76299441957774,98.66299441957774,98.71299441957774,101
2025-11-01 09:38:00,98.73621140854037,98.78621140854037,98.68621140854037,98.73621140854037,102
2025-11-01 09:39:00,98.68067868665847,98.73067868665846,98.63067868665847,98.68067868665847,103
2025-11-01 09:40:00,98.72783253891298,98.77783253891297,98.67783253891298,98.72783253891298,104
2025-11-01 09:41:00,98.82910412069496,98.87910412069496,98.77910412069497,98.82910412069496,105
2025-11-01 09:42:00,98.84464705346181,98.89464705346181,98.79464705346182,98.84464705346181,106
2025-11-01 09:43:00,98.87982269430174,98.92982269430173,98.82982269430174,98.87982269430174,107
2025-11-01 09:44:00,98.88513822905952,98.93513822905952,98.83513822905952,98.88513822905952,108
2025-11-01 09:45:00,98.88514666836866,98.93514666836866,98.83514666836867,98.88514666836866,109
2025-11-01 09:46:00,98.81299086501437,98.86299086501437,98.76299086501437,98.81299086501437,100
2025-11-01 09:47:00,98.8446402911817,98.8946402911817,98.79464029118171,98.8446402911817,101
2025-11-01 09:48:00,98.83491163134036,98.88491163134036,98.78491163134036,98.83491163134036,102
2025-11-01 09:49:00,99.04422846223342,99.09422846223342,98.99422846223342,99.04422846223342,103
2025-11-01 09:50:00,99.20156395248094,99.25156395248094,99.15156395248094,99.20156395248094,104
2025-11-01 09:51:00,99.24014860773659,99.29014860773658,99.19014860773659,99.24014860773659,105
2025-11-01 09:52:00,99.16384288676711,99.21384288676711,99.11384288676712,99.16384288676711,106
2025-11-01 09:53:00,99.05260173956877,99.10260173956877,99.00260173956877,99.05260173956877,107
2025-11-01 09:54:00,99.17171603487766,99.22171603487766,99.12171603487766,99.17171603487766,108
2025-11-01 09:55:00,99.19799095739238,99.24799095739237,99.14799095739238,99.19799095739238,109
2025-11-01 09:56:00,99.24600529773153,99.29600529773153,99.19600529773153,99.24600529773153,100
2025-11-01 09:57:00,99.07154669903412,99.12154669903411,99.02154669903412,99.07154669903412,101
2025-11-01 09:58:00,99.16429054718994,99.21429054718993,99.11429054718994,99.16429054718994,102
2025-11-01 09:59:00,99.20973258101137,99.25973258101136,99.15973258101137,99.20973258101137,103
2025-11-01 10:00:00,99.09868951256992,99.14868951256992,99.04868951256992,99.09868951256992,104
2025-11-01 10:01:00,99.05153703182492,99.10153703182492,99.00153703182492,99.05153703182492,105
2025-11-01 10:02:00,99.07790875226058,99.12790875226058,99.02790875226059,99.07790875226058,106
2025-11-01 10:03:00,99.0831554320962,99.1331554320962,99.03315543209621,99.0831554320962,107
2025-11-01 10:04:00,99.05393831351584,99.10393831351584,99.00393831351585,99.05393831351584,108
2025-11-01 10:05:00,99.04358948670925,99.09358948670925,98.99358948670925,99.04358948670925,109
2025-11-01 10:06:00,99.01839174888856,99.06839174888856,98.96839174888856,99.01839174888856,100
2025-11-01 10:07:00,99.03364800009881,99.0836480000988,98.98364800009881,99.03364800009881,101
2025-11-01 10:08:00,99.18079719739812,99.23079719739812,99.13079719739812,99.18079719739812,102
2025-11-01 10:09:00,98.924131353305,98.974131353305,98.874131353305,98.924131353305,103
2025-11-01 10:10:00,98.90044632685402,98.95044632685402,98.85044632685403,98.90044632685402,104
2025-11-01 10:11:00,98.91809756899127,98.96809756899127,98.86809756899127,98.91809756899127,105
2025-11-01 10:12:00,98.94769696795998,98.99769696795998,98.89769696795999,98.94769696795998,106
2025-11-01 10:13:00,98.91050550982786,98.96050550982785,98.86050550982786,98.91050550982786,107
2025-11-01 10:14:00,98.73483333157999,98.78483333157999,98.68483333158,98.73483333157999,108
2025-11-01 10:15:00,98.7676328799514,98.8176328799514,98.71763287995141,98.7676328799514,109
2025-11-01 10:16:00,98.94036790136782,98.99036790136782,98.89036790136782,98.94036790136782,100
2025-11-01 10:17:00,98.78698176087622,98.83698176087621,98.73698176087622,98.78698176087622,101
2025-11-01 10:18:00,98.87336456224602,98.92336456224602,98.82336456224603,98.87336456224602,102
2025-11-01 10:19:00,98.84051203993374,98.89051203993374,98.79051203993374,98.84051203993374,103
2025-11-01 10:20:00,98.83437960535086,98.88437960535086,98.78437960535086,98.83437960535086,104
2025-11-01 10:21:00,98.72908975428047,98.77908975428046,98.67908975428047,98.72908975428047,105
2025-11-01 10:22:00,98.69564413704488,98.74564413704488,98.64564413704488,98.69564413704488,106
2025-11-01 10:23:00,98.82564859651477,98.87564859651476,98.77564859651477,98.82564859651477,107
2025-11-01 10:24:00,98.88391412071354,98.93391412071354,98.83391412071354,98.88391412071354,108
2025-11-01 10:25:00,99.05714528125453,99.10714528125453,99.00714528125454,99.05714528125453,109
2025-11-01 10:26:00,99.1748864701523,99.2248864701523,99.1248864701523,99.1748864701523,100
2025-11-01 10:27:00,99.21879513804527,99.26879513804526,99.16879513804527,99.21879513804527,101
2025-11-01 10:28:00,99.39318859066204,99.44318859066203,99.34318859066204,99.39318859066204,102
2025-11-01 10:29:00,99.43708790653587,99.48708790653586,99.38708790653587,99.43708790653587,103
2025-11-01 10:30:00,99.51988672421558,99.56988672421558,99.46988672421558,99.51988672421558,104
2025-11-01 10:31:00,99.49022962886211,99.54022962886211,99.44022962886211,99.49022962886211,105
2025-11-01 10:32:00,99.49688421044803,99.54688421044803,99.44688421044803,99.49688421044803,106
2025-11-01 10:33:00,99.427141828118,99.477141828118,99.377141828118,99.427141828118,107
2025-11-01 10:34:00,99.52610022157748,99.57610022157748,99.47610022157748,99.52610022157748,108
2025-11-01 10:35:00,99.408269859266,99.458269859266,99.358269859266,99.408269859266,109
2025-11-01 10:36:00,99.48650489350776,99.53650489350775,99.43650489350776,99.48650489350776,100
2025-11-01 10:37:00,99.46743978775724,99.51743978775724,99.41743978775725,99.46743978775724,101
2025-11-01 10:38:00,99.58456449710398,99.63456449710398,99.53456449710399,99.58456449710398,102
2025-11-01 10:39:00,99.65965139597711,99.7096513959771,99.60965139597711,99.65965139597711,103
2025-11-01 10:40:00,99.84171601174178,99.89171601174178,99.79171601174178,99.84171601174178,104
2025-11-01 10:41:00,99.91479348085565,99.96479348085565,99.86479348085565,99.91479348085565,105
2025-11-01 10:42:00,99.75758945529033,99.80758945529033,99.70758945529033,99.75758945529033,106
2025-11-01 10:43:00,99.7508941380005,99.8008941380005,99.7008941380005,99.7508941380005,107
2025-11-01 10:44:00,99.63369341874102,99.68369341874102,99.58369341874102,99.63369341874102,108
2025-11-01 10:45:00,99.5818654345044,99.63186543450439,99.5318654345044,99.5818654345044,109
2025-11-01 10:46:00,99.73298827783206,99.78298827783206,99.68298827783207,99.73298827783206,100
2025-11-01 10:47:00,99.79674165892183,99.84674165892183,99.74674165892183,99.79674165892183,101
2025-11-01 10:48:00,99.72684861606396,99.77684861606396,99.67684861606396,99.72684861606396,102
2025-11-01 10:49:00,99.62547687941992,99.67547687941992,99.57547687941992,99.62547687941992,103
2025-11-01 10:50:00,99.62875508870755,99.67875508870755,99.57875508870755,99.62875508870755,104
2025-11-01 10:51:00,99.50709907376944,99.55709907376944,99.45709907376944,99.50709907376944,105
2025-11-01 10:52:00,99.43998504602978,99.48998504602977,99.38998504602978,99.43998504602978,106
2025-11-01 10:53:00,99.4711859931849,99.5211859931849,99.4211859931849,99.4711859931849,107
2025-11-01 10:54:00,99.58671719679558,99.63671719679557,99.53671719679558,99.58671719679558,108
2025-11-01 10:55:00,99.64759334401802,99.69759334401802,99.59759334401802,99.64759334401802,109
2025-11-01 10:56:00,99.4184643931582,99.4684643931582,99.3684643931582,99.4184643931582,100
2025-11-01 10:57:00,99.44890106606124,99.49890106606124,99.39890106606124,99.44890106606124,101
2025-11-01 10:58:00,99.45610442338449,99.50610442338449,99.40610442338449,99.45610442338449,102
2025-11-01 10:59:00,99.49749345192176,99.54749345192175,99.44749345192176,99.49749345192176,103
2025-11-01 11:00:00,99.65911442008688,99.70911442008688,99.60911442008688,99.65911442008688,104
2025-11-01 11:01:00,99.4527905924064,99.5027905924064,99.4027905924064,99.4527905924064,105
2025-11-01 11:02:00,99.3936802498873,99.4436802498873,99.3436802498873,99.3936802498873,106
2025-11-01 11:03:00,99.45277088216663,99.50277088216663,99.40277088216664,99.45277088216663,107
2025-11-01 11:04:00,99.29461144222124,99.34461144222124,99.24461144222124,99.29461144222124,108
2025-11-01 11:05:00,99.44220634702658,99.49220634702658,99.39220634702659,99.44220634702658,109
2025-11-01 11:06:00,99.47904200829666,99.52904200829666,99.42904200829666,99.47904200829666,100
2025-11-01 11:07:00,99.563700406881,99.613700406881,99.513700406881,99.563700406881,101
2025-11-01 11:08:00,99.50660604072881,99.55660604072881,99.45660604072881,99.50660604072881,102
2025-11-01 11:09:00,99.58798240972544,99.63798240972544,99.53798240972544,99.58798240972544,103
2025-11-01 11:10:00,99.69482956532434,99.74482956532434,99.64482956532434,99.69482956532434,104
2025-11-01 11:11:00,99.71811736733805,99.76811736733805,99.66811736733806,99.71811736733805,105
2025-11-01 11:12:00,99.74155745660792,99.79155745660792,99.69155745660792,99.74155745660792,106
2025-11-01 11:13:00,99.7685917805361,99.8185917805361,99.7185917805361,99.7685917805361,107
2025-11-01 11:14:00,99.68225725406216,99.73225725406216,99.63225725406217,99.68225725406216,108
2025-11-01 11:15:00,99.66750438603813,99.71750438603813,99.61750438603814,99.66750438603813,109
2025-11-01 11:16:00,99.6522521327929,99.70225213279289,99.6022521327929,99.6522521327929,100
2025-11-01 11:17:00,99.69059151922824,99.74059151922823,99.64059151922824,99.69059151922824,101
2025-11-01 11:18:00,99.79057394391927,99.84057394391927,99.74057394391927,99.79057394391927,102
2025-11-01 11:19:00,99.68472033572142,99.73472033572142,99.63472033572143,99.68472033572142,103
2025-11-01 11:20:00,99.67221943268947,99.72221943268947,99.62221943268948,99.67221943268947,104
2025-11-01 11:21:00,99.82036498745536,99.87036498745536,99.77036498745537,99.82036498745536,105
2025-11-01 11:22:00,99.74600616457411,99.79600616457411,99.69600616457411,99.74600616457411,106
2025-11-01 11:23:00,99.66378116284508,99.71378116284508,99.61378116284509,99.66378116284508,107
2025-11-01 11:24:00,99.6840117820282,99.73401178202819,99.6340117820282,99.6840117820282,108
2025-11-01 11:25:00,99.76845030107673,99.81845030107672,99.71845030107673,99.76845030107673,109
2025-11-01 11:26:00,99.7695929066328,99.81959290663279,99.7195929066328,99.7695929066328,100
2025-11-01 11:27:00,99.9024889656765,99.9524889656765,99.8524889656765,99.9024889656765,101
2025-11-01 11:28:00,99.98816836393314,100.03816836393314,99.93816836393314,99.98816836393314,102
2025-11-01 11:29:00,100.07235037062216,100.12235037062216,100.02235037062216,100.07235037062216,103
2025-11-01 11:30:00,100.12776202075456,100.17776202075456,100.07776202075456,100.12776202075456,104
2025-11-01 11:31:00,100.36052733078917,100.41052733078917,100.31052733078917,100.36052733078917,105
2025-11-01 11:32:00,100.34001116190257,100.39001116190256,100.29001116190257,100.34001116190257,106
2025-11-01 11:33:00,100.13965893269591,100.1896589326959,100.08965893269591,100.13965893269591,107
2025-11-01 11:34:00,100.30008436884764,100.35008436884763,100.25008436884764,100.30008436884764,108
2025-11-01 11:35:00,100.25431442575194,100.30431442575194,100.20431442575195,100.25431442575194,109
2025-11-01 11:36:00,100.26510247018625,100.31510247018625,100.21510247018625,100.26510247018625,100
2025-11-01 11:37:00,100.39605753867231,100.4460575386723,100.34605753867231,100.39605753867231,101
2025-11-01 11:38:00,100.23583158456641,100.28583158456641,100.18583158456642,100.23583158456641,102
2025-11-01 11:39:00,100.1106668631558,100.1606668631558,100.0606668631558,100.1106668631558,103
2025-11-01 11:40:00,99.9505390694439,100.0005390694439,99.90053906944391,99.9505390694439,104
2025-11-01 11:41:00,99.87112544044138,99.92112544044137,99.82112544044138,99.87112544044138,105
2025-11-01 11:42:00,99.91508910104307,99.96508910104306,99.86508910104307,99.91508910104307,106
2025-11-01 11:43:00,99.96750788532435,100.01750788532435,99.91750788532435,99.96750788532435,107
2025-11-01 11:44:00,99.9951353032572,100.0451353032572,99.9451353032572,99.9951353032572,108
2025-11-01 11:45:00,99.85385871486797,99.90385871486797,99.80385871486797,99.85385871486797,109
2025-11-01 11:46:00,99.6228483712047,99.6728483712047,99.5728483712047,99.6228483712047,100
2025-11-01 11:47:00,99.62828372974374,99.67828372974374,99.57828372974375,99.62828372974374,101
2025-11-01 11:48:00,99.58110612637991,99.6311061263799,99.53110612637991,99.58110612637991,102
2025-11-01 11:49:00,99.62704470355156,99.67704470355156,99.57704470355156,99.62704470355156,103
2025-11-01 11:50:00,99.69724006617369,99.74724006617369,99.6472400661737,99.69724006617369,104
2025-11-01 11:51:00,99.71106420937956,99.76106420937955,99.66106420937956,99.71106420937956,105
2025-11-01 11:52:00,99.78707751791714,99.83707751791714,99.73707751791714,99.78707751791714,106
2025-11-01 11:53:00,99.80999865532866,99.85999865532865,99.75999865532866,99.80999865532866,107
2025-11-01 11:54:00,99.8630051258888,99.9130051258888,99.81300512588881,99.8630051258888,108
2025-11-01 11:55:00,99.79253779960182,99.84253779960181,99.74253779960182,99.79253779960182,109
2025-11-01 11:56:00,99.77457665821866,99.82457665821866,99.72457665821867,99.77457665821866,100
2025-11-01 11:57:00,99.79425426788436,99.84425426788435,99.74425426788436,99.79425426788436,101
2025-11-01 11:58:00,99.8763071154261,99.9263071154261,99.8263071154261,99.8763071154261,102
2025-11-01 11:59:00,99.83693299820365,99.88693299820365,99.78693299820365,99.83693299820365,103
2025-11-01 12:00:00,99.88904972377686,99.93904972377686,99.83904972377687,99.88904972377686,104
2025-11-01 12:01:00,99.86246584458532,99.91246584458531,99.81246584458532,99.86246584458532,105
2025-11-01 12:02:00,99.8507116278525,99.9007116278525,99.80071162785251,99.8507116278525,106
2025-11-01 12:03:00,99.93366353205491,99.9836635320549,99.88366353205491,99.93366353205491,107
2025-11-01 12:04:00,99.73435749494949,99.78435749494949,99.6843574949495,99.73435749494949,108
2025-11-01 12:05:00,99.60471026214202,99.65471026214202,99.55471026214202,99.60471026214202,109
2025-11-01 12:06:00,99.45649172239774,99.50649172239774,99.40649172239775,99.45649172239774,100
2025-11-01 12:07:00,99.22313011041291,99.27313011041291,99.17313011041291,99.22313011041291,101
2025-11-01 12:08:00,99.15530366639739,99.20530366639738,99.10530366639739,99.15530366639739,102
2025-11-01 12:09:00,99.23024705637016,99.28024705637016,99.18024705637016,99.23024705637016,103
2025-11-01 12:10:00,99.20175864973191,99.25175864973191,99.15175864973192,99.20175864973191,104
2025-11-01 12:11:00,99.22153765792609,99.27153765792609,99.1715376579261,99.22153765792609,105
2025-11-01 12:12:00,99.33045940759717,99.38045940759717,99.28045940759718,99.33045940759717,106
2025-11-01 12:13:00,99.46322802082395,99.51322802082395,99.41322802082395,99.46322802082395,107
2025-11-01 12:14:00,99.45631422735133,99.50631422735133,99.40631422735133,99.45631422735133,108
2025-11-01 12:15:00,99.59167281630826,99.64167281630826,99.54167281630826,99.59167281630826,109
2025-11-01 12:16:00,99.60088548215168,99.65088548215168,99.55088548215168,99.60088548215168,100
2025-11-01 12:17:00,99.51714565976893,99.56714565976893,99.46714565976893,99.51714565976893,101
2025-11-01 12:18:00,99.45770562454906,99.50770562454906,99.40770562454907,99.45770562454906,102
2025-11-01 12:19:00,99.30965197329256,99.35965197329256,99.25965197329256,99.30965197329256,103
2025-11-01 12:20:00,99.22083858791919,99.27083858791919,99.17083858791919,99.22083858791919,104
2025-11-01 12:21:00,99.18503691911175,99.23503691911175,99.13503691911176,99.18503691911175,105
2025-11-01 12:22:00,99.2653954210496,99.3153954210496,99.2153954210496,99.2653954210496,106
2025-11-01 12:23:00,99.4374724041662,99.4874724041662,99.3874724041662,99.4374724041662,107
2025-11-01 12:24:00,99.2992542526285,99.3492542526285,99.2492542526285,99.2992542526285,108
2025-11-01 12:25:00,99.33853699945449,99.38853699945449,99.2885369994545,99.33853699945449,109
2025-11-01 12:26:00,99.23448260553874,99.28448260553874,99.18448260553875,99.23448260553874,100
2025-11-01 12:27:00,99.28195231438507,99.33195231438506,99.23195231438507,99.28195231438507,101
2025-11-01 12:28:00,99.2688436493163,99.31884364931629,99.2188436493163,99.2688436493163,102
2025-11-01 12:29:00,99.08575306673154,99.13575306673154,99.03575306673154,99.08575306673154,103
2025-11-01 12:30:00,99.17858276588838,99.22858276588838,99.12858276588838,99.17858276588838,104
2025-11-01 12:31:00,99.11808269460751,99.1680826946075,99.06808269460751,99.11808269460751,105
2025-11-01 12:32:00,99.06469267077016,99.11469267077015,99.01469267077016,99.06469267077016,106
2025-11-01 12:33:00,98.95771742964119,99.00771742964119,98.9077174296412,98.95771742964119,107
2025-11-01 12:34:00,98.89228910197244,98.94228910197243,98.84228910197244,98.89228910197244,108
2025-11-01 12:35:00,98.93507814604192,98.98507814604191,98.88507814604192,98.93507814604192,109
2025-11-01 12:36:00,98.91615371194828,98.96615371194828,98.86615371194829,98.91615371194828,100
2025-11-01 12:37:00,98.94901991217652,98.99901991217652,98.89901991217653,98.94901991217652,101
2025-11-01 12:38:00,98.98521209756942,99.03521209756941,98.93521209756942,98.98521209756942,102
2025-11-01 12:39:00,99.11727826312223,99.16727826312223,99.06727826312223,99.11727826312223,103
2025-11-01 12:40:00,99.0829996480358,99.13299964803579,99.0329996480358,99.0829996480358,104
2025-11-01 12:41:00,98.93531386635122,98.98531386635122,98.88531386635123,98.93531386635122,105
2025-11-01 12:42:00,99.04203610800842,99.09203610800841,98.99203610800842,99.04203610800842,106
2025-11-01 12:43:00,99.0088872907987,99.0588872907987,98.9588872907987,99.0088872907987,107
2025-11-01 12:44:00,99.12034653525643,99.17034653525643,99.07034653525643,99.12034653525643,108
2025-11-01 12:45:00,99.15868424657468,99.20868424657468,99.10868424657468,99.15868424657468,109
2025-11-01 12:46:00,99.14557049355435,99.19557049355434,99.09557049355435,99.14557049355435,100
2025-11-01 12:47:00,99.18044808295897,99.23044808295897,99.13044808295898,99.18044808295897,101
2025-11-01 12:48:00,99.37554933897161,99.4255493389716,99.32554933897161,99.37554933897161,102
2025-11-01 12:49:00,99.58324739187698,99.63324739187698,99.53324739187698,99.58324739187698,103
2025-11-01 12:50:00,99.59018550539025,99.64018550539025,99.54018550539026,99.59018550539025,104
2025-11-01 12:51:00,99.60620456472196,99.65620456472196,99.55620456472197,99.60620456472196,105
2025-11-01 12:52:00,99.7138285804686,99.7638285804686,99.6638285804686,99.7138285804686,106
2025-11-01 12:53:00,99.62926247719187,99.67926247719187,99.57926247719188,99.62926247719187,107
2025-11-01 12:54:00,99.6625695144537,99.71256951445369,99.6125695144537,99.6625695144537,108
2025-11-01 12:55:00,99.65998322965831,99.7099832296583,99.60998322965831,99.65998322965831,109
2025-11-01 12:56:00,99.69137405080406,99.74137405080405,99.64137405080406,99.69137405080406,100
2025-11-01 12:57:00,99.60803717020913,99.65803717020913,99.55803717020913,99.60803717020913,101
2025-11-01 12:58:00,99.44908042087823,99.49908042087823,99.39908042087824,99.44908042087823,102
2025-11-01 12:59:00,99.2417820772791,99.2917820772791,99.1917820772791,99.2417820772791,103
2025-11-01 13:00:00,99.13004366598014,99.18004366598014,99.08004366598014,99.13004366598014,104
2025-11-01 13:01:00,99.0841761374862,99.1341761374862,99.0341761374862,99.0841761374862,105
2025-11-01 13:02:00,99.05485697882132,99.10485697882132,99.00485697882132,99.05485697882132,106
2025-11-01 13:03:00,99.24858009506428,99.29858009506428,99.19858009506429,99.24858009506428,107
2025-11-01 13:04:00,99.35917943205502,99.40917943205501,99.30917943205502,99.35917943205502,108
2025-11-01 13:05:00,99.26297032042085,99.31297032042085,99.21297032042085,99.26297032042085,109
2025-11-01 13:06:00,99.29774116566594,99.34774116566594,99.24774116566594,99.29774116566594,100
2025-11-01 13:07:00,99.25703334203091,99.3070333420309,99.20703334203091,99.25703334203091,101
2025-11-01 13:08:00,99.2285969582269,99.2785969582269,99.1785969582269,99.2285969582269,102
2025-11-01 13:09:00,99.24712952316844,99.29712952316844,99.19712952316844,99.24712952316844,103
2025-11-01 13:10:00,99.30904663486598,99.35904663486598,99.25904663486598,99.30904663486598,104
2025-11-01 13:11:00,99.27512078647757,99.32512078647757,99.22512078647758,99.27512078647757,105
2025-11-01 13:12:00,99.38150593975101,99.431505939751,99.33150593975101,99.38150593975101,106
2025-11-01 13:13:00,99.26731211713677,99.31731211713677,99.21731211713677,99.26731211713677,107
2025-11-01 13:14:00,99.267946023373,99.317946023373,99.217946023373,99.267946023373,108
2025-11-01 13:15:00,99.52771339603258,99.57771339603258,99.47771339603258,99.52771339603258,109
2025-11-01 13:16:00,99.55002137029511,99.60002137029511,99.50002137029512,99.55002137029511,100
2025-11-01 13:17:00,99.69334282095572,99.74334282095572,99.64334282095572,99.69334282095572,101
2025-11-01 13:18:00,99.70249483877305,99.75249483877305,99.65249483877305,99.70249483877305,102
2025-11-01 13:19:00,99.76057254830603,99.81057254830603,99.71057254830603,99.76057254830603,103
2025-11-01 13:20:00,99.75489422886676,99.80489422886676,99.70489422886676,99.75489422886676,104
2025-11-01 13:21:00,99.73785347075034,99.78785347075033,99.68785347075034,99.73785347075034,105
2025-11-01 13:22:00,99.6599052310778,99.7099052310778,99.6099052310778,99.6599052310778,106
2025-11-01 13:23:00,99.70293536697355,99.75293536697355,99.65293536697355,99.70293536697355,107
2025-11-01 13:24:00,99.61778164805497,99.66778164805497,99.56778164805498,99.61778164805497,108
2025-11-01 13:25:00,99.68434017168632,99.73434017168631,99.63434017168632,99.68434017168632,109
2025-11-01 13:26:00,99.79286887213091,99.84286887213091,99.74286887213091,99.79286887213091,100
2025-11-01 13:27:00,99.82952201285462,99.87952201285462,99.77952201285463,99.82952201285462,101
2025-11-01 13:28:00,99.80089713949906,99.85089713949905,99.75089713949906,99.80089713949906,102
2025-11-01 13:29:00,99.84629369742993,99.89629369742993,99.79629369742993,99.84629369742993,103
2025-11-01 13:30:00,99.81542639187529,99.86542639187529,99.7654263918753,99.81542639187529,104
2025-11-01 13:31:00,99.9089811044218,99.9589811044218,99.8589811044218,99.9089811044218,105
2025-11-01 13:32:00,99.72584049600029,99.77584049600028,99.67584049600029,99.72584049600029,106
2025-11-01 13:33:00,99.69227975918842,99.74227975918842,99.64227975918843,99.69227975918842,107
2025-11-01 13:34:00,99.49319855967603,99.54319855967603,99.44319855967603,99.49319855967603,108
2025-11-01 13:35:00,99.3436924766533,99.3936924766533,99.2936924766533,99.3436924766533,109
2025-11-01 13:36:00,99.4800786996347,99.5300786996347,99.4300786996347,99.4800786996347,100
2025-11-01 13:37:00,99.56959719783187,99.61959719783187,99.51959719783187,99.56959719783187,101
2025-11-01 13:38:00,99.4976491745034,99.54764917450339,99.4476491745034,99.4976491745034,102
2025-11-01 13:39:00,99.3473988288993,99.3973988288993,99.2973988288993,99.3473988288993,103
2025-11-01 13:40:00,99.05094594511513,99.10094594511513,99.00094594511513,99.05094594511513,104
2025-11-01 13:41:00,98.99659639432187,99.04659639432187,98.94659639432187,98.99659639432187,105
2025-11-01 13:42:00,99.2386378955466,99.2886378955466,99.1886378955466,99.2386378955466,106
2025-11-01 13:43:00,99.28212632269297,99.33212632269297,99.23212632269298,99.28212632269297,107
2025-11-01 13:44:00,99.22616909408802,99.27616909408802,99.17616909408802,99.22616909408802,108
2025-11-01 13:45:00,99.27267711503805,99.32267711503805,99.22267711503805,99.27267711503805,109
2025-11-01 13:46:00,99.11658127973861,99.16658127973861,99.06658127973861,99.11658127973861,100
2025-11-01 13:47:00,99.08684894346885,99.13684894346885,99.03684894346885,99.08684894346885,101
2025-11-01 13:48:00,99.09679669077042,99.14679669077042,99.04679669077042,99.09679669077042,102
2025-11-01 13:49:00,99.08818662558832,99.13818662558832,99.03818662558832,99.08818662558832,103
2025-11-01 13:50:00,99.16726723775733,99.21726723775733,99.11726723775733,99.16726723775733,104
2025-11-01 13:51:00,99.20173176038092,99.25173176038092,99.15173176038093,99.20173176038092,105
2025-11-01 13:52:00,99.26856436219173,99.31856436219172,99.21856436219173,99.26856436219173,106
2025-11-01 13:53:00,99.19972713396865,99.24972713396865,99.14972713396865,99.19972713396865,107
2025-11-01 13:54:00,99.28950867480971,99.33950867480971,99.23950867480971,99.28950867480971,108
2025-11-01 13:55:00,99.45240236957211,99.50240236957211,99.40240236957212,99.45240236957211,109
2025-11-01 13:56:00,99.35538741760696,99.40538741760696,99.30538741760697,99.35538741760696,100
2025-11-01 13:57:00,99.26661785203551,99.3166178520355,99.21661785203551,99.26661785203551,101
2025-11-01 13:58:00,99.40019628566753,99.45019628566753,99.35019628566754,99.40019628566753,102
2025-11-01 13:59:00,99.38106188699803,99.43106188699802,99.33106188699803,99.38106188699803,103
2025-11-01 14:00:00,99.52144402620468,99.57144402620467,99.47144402620468,99.52144402620468,104
2025-11-01 14:01:00,99.47719045501546,99.52719045501546,99.42719045501546,99.47719045501546,105
2025-11-01 14:02:00,99.62269501264254,99.67269501264254,99.57269501264254,99.62269501264254,106
2025-11-01 14:03:00,99.63584359432308,99.68584359432307,99.58584359432308,99.63584359432308,107
2025-11-01 14:04:00,99.66166647665536,99.71166647665535,99.61166647665536,99.66166647665536,108
2025-11-01 14:05:00,99.81813827882235,99.86813827882234,99.76813827882235,99.81813827882235,109
2025-11-01 14:06:00,99.78196123107793,99.83196123107793,99.73196123107793,99.78196123107793,100
2025-11-01 14:07:00,99.68784902148543,99.73784902148543,99.63784902148544,99.68784902148543,101
2025-11-01 14:08:00,99.64299260068259,99.69299260068259,99.59299260068259,99.64299260068259,102
2025-11-01 14:09:00,99.6882259957469,99.7382259957469,99.63822599574691,99.6882259957469,103
2025-11-01 14:10:00,99.53165008852885,99.58165008852885,99.48165008852885,99.53165008852885,104
2025-11-01 14:11:00,99.59539717879397,99.64539717879397,99.54539717879398,99.59539717879397,105
2025-11-01 14:12:00,99.5415200470322,99.59152004703219,99.4915200470322,99.5415200470322,106
2025-11-01 14:13:00,99.65630131310554,99.70630131310554,99.60630131310555,99.65630131310554,107
2025-11-01 14:14:00,99.4168752826155,99.4668752826155,99.36687528261551,99.4168752826155,108
2025-11-01 14:15:00,99.33821870510509,99.38821870510509,99.2882187051051,99.33821870510509,109
2025-11-01 14:16:00,99.16957188998167,99.21957188998167,99.11957188998167,99.16957188998167,100
2025-11-01 14:17:00,99.08694894334528,99.13694894334527,99.03694894334528,99.08694894334528,101
2025-11-01 14:18:00,99.11171553345618,99.16171553345617,99.06171553345618,99.11171553345618,102
2025-11-01 14:19:00,99.0937928709112,99.1437928709112,99.0437928709112,99.0937928709112,103
2025-11-01 14:20:00,99.0684551140164,99.1184551140164,99.0184551140164,99.0684551140164,104
2025-11-01 14:21:00,99.05253662687839,99.10253662687839,99.0025366268784,99.05253662687839,105
2025-11-01 14:22:00,99.07287545094039,99.12287545094038,99.02287545094039,99.07287545094039,106
2025-11-01 14:23:00,98.97202184674607,99.02202184674607,98.92202184674608,98.97202184674607,107
2025-11-01 14:24:00,99.04270681083598,99.09270681083598,98.99270681083598,99.04270681083598,108
2025-11-01 14:25:00,99.10897340787453,99.15897340787453,99.05897340787453,99.10897340787453,109
2025-11-01 14:26:00,99.14747720164014,99.19747720164014,99.09747720164015,99.14747720164014,100
2025-11-01 14:27:00,99.20313054591526,99.25313054591525,99.15313054591526,99.20313054591526,101
2025-11-01 14:28:00,99.23277234599612,99.28277234599612,99.18277234599613,99.23277234599612,102
2025-11-01 14:29:00,99.43627967626924,99.48627967626923,99.38627967626924,99.43627967626924,103
2025-11-01 14:30:00,99.42757025916399,99.47757025916398,99.37757025916399,99.42757025916399,104
2025-11-01 14:31:00,99.39686193733053,99.44686193733052,99.34686193733053,99.39686193733053,105
2025-11-01 14:32:00,99.3215091792948,99.37150917929479,99.2715091792948,99.3215091792948,106
2025-11-01 14:33:00,99.218282912237,99.268282912237,99.168282912237,99.218282912237,107
2025-11-01 14:34:00,99.0938357334769,99.14383573347689,99.0438357334769,99.0938357334769,108
2025-11-01 14:35:00,99.0049560021538,99.0549560021538,98.9549560021538,99.0049560021538,109
2025-11-01 14:36:00,98.9978879639886,99.0478879639886,98.9478879639886,98.9978879639886,100
2025-11-01 14:37:00,99.03131747683837,99.08131747683836,98.98131747683837,99.03131747683837,101
2025-11-01 14:38:00,99.03643168269359,99.08643168269359,98.98643168269359,99.03643168269359,102
2025-11-01 14:39:00,98.95987815495062,99.00987815495061,98.90987815495062,98.95987815495062,103
2025-11-01 14:40:00,99.04989661135261,99.0998966113526,98.99989661135261,99.04989661135261,104
2025-11-01 14:41:00,99.1238378785827,99.1738378785827,99.07383787858271,99.1238378785827,105
2025-11-01 14:42:00,99.10787304784051,99.15787304784051,99.05787304784052,99.10787304784051,106
2025-11-01 14:43:00,99.04258143337404,99.09258143337404,98.99258143337404,99.04258143337404,107
2025-11-01 14:44:00,99.09742422545702,99.14742422545702,99.04742422545702,99.09742422545702,108
2025-11-01 14:45:00,99.11622158420563,99.16622158420563,99.06622158420564,99.11622158420563,109
2025-11-01 14:46:00,98.97140885826413,99.02140885826412,98.92140885826413,98.97140885826413,100
2025-11-01 14:47:00,98.96461083266568,99.01461083266568,98.91461083266569,98.96461083266568,101
2025-11-01 14:48:00,98.99081441387312,99.04081441387312,98.94081441387313,98.99081441387312,102
2025-11-01 14:49:00,98.90084493522434,98.95084493522434,98.85084493522434,98.90084493522434,103
2025-11-01 14:50:00,98.91982927450809,98.96982927450809,98.86982927450809,98.91982927450809,104
2025-11-01 14:51:00,98.77434702598231,98.8243470259823,98.72434702598231,98.77434702598231,105
2025-11-01 14:52:00,98.90796563598353,98.95796563598353,98.85796563598353,98.90796563598353,106
2025-11-01 14:53:00,99.03276063448946,99.08276063448946,98.98276063448947,99.03276063448946,107
2025-11-01 14:54:00,99.00750890105917,99.05750890105917,98.95750890105917,99.00750890105917,108
2025-11-01 14:55:00,99.04385433484308,99.09385433484307,98.99385433484308,99.04385433484308,109
2025-11-01 14:56:00,98.8028621382631,98.85286213826309,98.7528621382631,98.8028621382631,100
2025-11-01 14:57:00,98.68722737223656,98.73722737223656,98.63722737223657,98.68722737223656,101
2025-11-01 14:58:00,98.65784948022134,98.70784948022134,98.60784948022135,98.65784948022134,102
2025-11-01 14:59:00,98.55063617807866,98.60063617807866,98.50063617807866,98.55063617807866,103
2025-11-01 15:00:00,98.62207582634173,98.67207582634173,98.57207582634173,98.62207582634173,104
2025-11-01 15:01:00,98.82180547941653,98.87180547941652,98.77180547941653,98.82180547941653,105
2025-11-01 15:02:00,98.7041440074736,98.7541440074736,98.6541440074736,98.7041440074736,106
2025-11-01 15:03:00,98.62039766706508,98.67039766706507,98.57039766706508,98.62039766706508,107
2025-11-01 15:04:00,98.64394250389607,98.69394250389607,98.59394250389607,98.64394250389607,108
2025-11-01 15:05:00,98.80505411874603,98.85505411874603,98.75505411874603,98.80505411874603,109
2025-11-01 15:06:00,98.68281668749204,98.73281668749203,98.63281668749204,98.68281668749204,100
2025-11-01 15:07:00,98.70772029972274,98.75772029972273,98.65772029972274,98.70772029972274,101
2025-11-01 15:08:00,98.88985018480405,98.93985018480404,98.83985018480405,98.88985018480405,102
2025-11-01 15:09:00,98.72467426998612,98.77467426998612,98.67467426998613,98.72467426998612,103
2025-11-01 15:10:00,98.59656734930154,98.64656734930153,98.54656734930154,98.59656734930154,104
2025-11-01 15:11:00,98.55420668865546,98.60420668865545,98.50420668865546,98.55420668865546,105
2025-11-01 15:12:00,98.50214784736991,98.55214784736991,98.45214784736991,98.50214784736991,106
2025-11-01 15:13:00,98.58340797614528,98.63340797614528,98.53340797614528,98.58340797614528,107
2025-11-01 15:14:00,98.60757394812735,98.65757394812735,98.55757394812736,98.60757394812735,108
2025-11-01 15:15:00,98.43007774216315,98.48007774216315,98.38007774216315,98.43007774216315,109
